# generated_utc: 2026-10-02T11:52:11+00:00 | v0.3 hgb | in-season data through GW1
web_name,club,pos,price,pred,role
Pickford,EVE,GK,5.5,4.653409008699664,XI
Gabriel,ARS,DEF,8.0,5.531023335368926,XI
De Cuyper,BHA,DEF,4.6,5.397022615453803,XI
Murillo,NFO,DEF,5.5,5.208624083486061,XI
B.Fernandes,MUN,MID,12.0,7.377706625565423,XI (C)
Szoboszlai,LIV,MID,7.0,6.841223238106566,XI
Mbeumo,MUN,MID,8.0,6.782934828741771,XI
Palmer,CHE,MID,9.5,6.67435231432522,XI
Gakpo,LIV,MID,7.0,6.481278052586797,XI
João Pedro,CHE,FWD,7.6,5.767998821712477,XI
Barry,EVE,FWD,5.5,5.378704224818143,XI
Trafford,LEE,GK,5.0,4.4983980519703515,bench
Ajayi,HUL,DEF,4.0,5.06822563732356,bench
Bijol,LEE,DEF,5.0,4.750905047068889,bench
Emersonn,IPS,FWD,5.5,5.365395262402256,bench
